Brand,Model,Storage ,RAM ,Screen Size (inches),Camera (MP),Battery Capacity (mAh),Price ($)
Samsung,Galaxy A32 5G,128,4,6.5,48+8+5+2,5000,279
Apple,iPhone 8 Plus,64,3,5.5,12+12,2691,699
Xiaomi,Redmi 9C,64,3,6.53,13+2+2,5000,119
Oppo,A54s 5G,128GB,6GB,6.5,48MP + 2MP + 2MP,5000,$299 
Samsung,Galaxy A03s,32GB,3GB,6.5,13MP + 2MP + 2MP,5000,$149 
Oppo,Reno6 Pro+,256GB,12GB,6.55,50MP + 16MP + 13MP + 2MP,4500,$699 
Oppo,A31,128GB,4GB,6.5,12MP + 2MP + 2MP,4230,$199 
Oppo,A16s,128GB,4GB,6.52,13MP + 2MP + 2MP,5000,$179 
Nokia,1.4,32GB,2GB,6.51,8MP + 2MP,4000,$119 
Realme,Narzo 30 Pro 5G,128GB,8GB,6.5,48MP + 8MP + 2MP,5000,$279 
Xiaomi,Poco X3 Pro,128,6,6.67,48+8+2+2,5160,249
Samsung,Galaxy A52 5G,128 GB,6 GB,6.5,64 + 12 + 5 + 5,4500,449
Apple,iPhone 12 mini,256,4,5.4,12+12,2227,899
Realme,Narzo 50 Pro 5G,128 GB,6 GB,6.5,48 + 50 + 2,5000,249
Oppo,A15s,64GB,4GB,6.52,13MP + 2MP + 2MP,4230,$159 
Oppo,A53s,128 GB,6 GB,6.5,13 + 2 + 2,5000,259
Xiaomi,Redmi 10,128,4,6.5,50+8+2+2,5000,229
Oppo,A54,128 GB,4 GB,6.51,13 + 2 + 2,5000,239
Xiaomi,Mi 11X,128 GB,8 GB,6.67,48 + 8 + 5,4520,529
Realme,8i,128GB,4GB,6.6,50MP + 2MP + 2MP,5000,$219 
Xiaomi,Redmi 10 Prime,128GB,4GB,6.5,50MP + 8MP + 2MP + 2MP,6000,$189 
Realme,C21Y,64 GB,4 GB,6.5,13 + 2 + 2,5000,129
Apple,iPhone XR,128,3,6.1,12+12,2942,599
Oppo,Reno6 Z 5G,128GB,8GB,6.4,64MP + 8MP + 2MP,4310,$389 
Samsung,Galaxy A21s,64GB,4GB,6.5,48MP + 8MP + 2MP + 2MP,5000,$199 
Xiaomi,Mi 11 Lite 5G NE,128 GB,6 GB,6.55,64 + 8 + 5,4250,329
Nokia,3.1 Plus,32GB,3GB,6,13MP + 5MP,3500,$139 
Nokia,G20,64GB,4GB,6.5,48MP + 5MP + 2MP + 2MP,5050,$199 
Oppo,A94,128GB,8GB,6.43,48MP + 8MP + 2MP + 2MP,4310,$399 
Nokia,2.4,32,2,6.5,13+2,4500,139
Apple,iPhone 12,128,4,6.1,12+12,2815,799
Motorola,Moto G Power (2021),64,3,6.6,48+2+2,5000,199
Xiaomi,Redmi 9,64GB,4GB,6.53,13MP + 8MP + 5MP + 2MP,5020,$149 
Xiaomi,Redmi Note 7,64GB,4GB,6.3,48MP + 5MP,4000,$159 
Vivo,V21 5G,128GB,8GB,6.44,64MP + 8MP + 2MP,4000,$399 
Nokia,C30,64GB,3GB,6.82,13MP + 2MP,6000,$149 
Nokia,G20,64GB,4GB,6.5,48MP + 5MP,5050,$199 
Vivo,Y20s G,128GB,6GB,6.51,50MP + 2MP + 2MP,5000,$209 
Samsung,Galaxy M52 5G,128 GB,6 GB,6.7,64 + 12 + 5 + 5,5000,449
Oppo,Reno6 Pro+ 5G,128 GB,8 GB,6.55,50 + 13 + 16 + 2,4500,699
Samsung,Galaxy M11,32GB,3GB,6.4,13MP + 5MP + 2MP,5000,130
Samsung,Galaxy S20 FE 5G,128GB,6GB,6.5,12MP + 12MP + 8MP,4500,$699 
Motorola,Moto G Pure,32GB,3GB,6.5,48MP + 2MP,5000,$169 
Realme,Narzo 50A,64GB,4GB,6.5,50MP + 2MP,6000,$149 
Xiaomi,Mi 11 Lite 5G,128GB,8GB,6.55,64MP + 8MP + 5MP,4250,$429 
Xiaomi,Redmi Note 10 Pro,128 GB,6 GB,6.67,64 + 8 + 5 + 2,5020,279
Realme,C21Y,64GB,4GB,6.5,13MP + 2MP + 2MP,5000,$169 
Samsung,Galaxy A12,128,4,6.5,48+5+2+2,5000,179
Xiaomi,Redmi 10 Prime,128GB,6GB,6.5,50MP + 8MP + 2MP + 2MP,6000,$199 
Nokia,8.3 5G,128,8,6.81,64+12+2+2,4500,499
Xiaomi,Poco M3,128,4,6.53,48+2+2,6000,149
Oppo,A74 5G,128GB,6GB,6.5,48MP + 2MP + 2MP,5000,$299 
Vivo,Y21s,128GB,4GB,6.51,50MP + 2MP,5000,$179 
Samsung,Galaxy A42 5G,128,4,6.6,48+8+5+5,5000,329
Xiaomi,Poco X3 Pro,128 GB,6 GB,6.67,48 + 8 + 2 + 2,5160,249
Realme,Narzo 30 Pro,128GB,8GB,6.5,48MP + 8MP + 2MP,5000,$279 
Samsung,Galaxy Z Fold2 5G,256,12,7.6 (unfolded),12+12+12,4500,1999
Samsung,Galaxy M22,128GB,4GB,6.4,48MP + 8MP + 2MP + 2MP,5000,$219 
Apple,iPhone 13 Pro Max,256 GB,6 GB,6.7,12 + 12 + 12,4352,1299
Oppo,Reno 6 Pro+,256GB,12GB,6.55,50MP + 13MP + 16MP + 2MP,4500,$799 
Oppo,A94 5G,128,8,6.43,48+8+2+2,4310,399
Oppo,Find X3 Neo 5G,256,12,6.55,50+16+13+2,4500,899
Nokia,5.4,64,4,6.39,48+5+2+2,4000,179
Samsung,Galaxy A52s 5G,128GB,6GB,6.5,64MP + 12MP + 5MP + 5MP,4500,$469 
Xiaomi,Redmi Note 10,64GB,4GB,6.43,48MP + 8MP + 2MP + 2MP,5000,$199 
Oppo,A53,128GB,6GB,6.5,13MP + 2MP + 2MP,5000,$219 
Xiaomi,Poco M3 Pro 5G,128GB,6GB,6.5,48MP + 2MP + 2MP,5000,$199 
Realme,Narzo 50A,128GB,4GB,6.5,50MP + 2MP,5000,$149 
Xiaomi,Redmi Note 10S,128GB,6GB,6.43,64MP + 8MP + 2MP + 2MP,5000,$279 
Vivo,Y51A,128GB,8GB,6.58,48MP + 8MP + 2MP,5000,$289 
Samsung,Galaxy M51,128,6,6.7,64+12+5+5,7000,449
Samsung,Galaxy M52,128GB,6GB,6.7,64MP + 12MP + 5MP + 5MP,5000,$449 
Realme,Narzo 50A,64GB,4GB,6.5,50MP + 2MP,5000,$149 
Apple,iPhone 11,128,4,6.1,12+12,3110,749
Realme,C25s,128GB,4GB,6.5,13MP + 2MP + 2MP,6000,$159 
Motorola,Moto E7i Power,32GB,2GB,6.5,13MP + 2MP,5000,$99 
Xiaomi,Redmi Note 9 Pro Max,64GB,6GB,6.67,64MP + 8MP + 5MP + 2MP,5020,$279 
Xiaomi,Mi 10T Lite,128,6,6.67,64+8+2+2,4820,279
Apple,iPhone 11 Pro Max,256 GB,4 GB,6.5,12 + 12 + 12,3969,1099
Realme,C20,32GB,2GB,6.5,8MP,5000,$99 
Apple,iPhone 13 Pro,128 GB,6 GB,6.1,12 + 12 + 12,3095,999
Vivo,V21e,128 GB,8 GB,6.44,64 + 8,4000,369
Oppo,A94 5G,128,8,6.43,48+8+2+2,4310,399
Xiaomi,Redmi 9 Power,128 GB,4 GB,6.53,48 + 8 + 2 + 2,6000,189
Motorola,Moto G10,128,4,6.5,48+8+2+2,5000,199
Oppo,A16,32GB,3GB,6.52,13MP + 2MP + 2MP,5000,$149 
Samsung,Galaxy S10 Lite,128,6,6.7,48+12+5,4500,649
Vivo,Y33s,128GB,8GB,6.58,50MP + 2MP + 2MP,5000,$249 
Oppo,A54,128GB,6GB,6.51,50MP + 2MP + 2MP,5000,$269 
Motorola,Edge 20 Pro,256GB,12GB,6.7,108MP + 16MP + 8MP,4500,$699 
Vivo,Y12s,32GB,3GB,6.51,13MP + 2MP,5000,$149 
Motorola,Moto G Pro,128,4,6.4,48+16+2,4000,329
Realme,Narzo 50i,32 GB,2 GB,6.5,50 + 2,5000,99
Xiaomi,Poco X3 GT,128GB,8GB,6.6,64MP + 8MP + 2MP,5000,$329 
Vivo,X70 Pro+,256 GB,12 GB,6.78,50 + 48 + 12 + 8,4500,1199
Samsung,Galaxy M12,64GB,4GB,6.5,48MP + 5MP + 2MP + 2MP,6000,$179 
Samsung,Galaxy A52s 5G,128 GB,6 GB,6.5,64 + 12 + 5 + 5,4500,459
Motorola,Moto G Power (2021),64,4,6.6,48+2+2,5000,199
Xiaomi,Mi 10 Lite 5G,128,6,6.57,48+8+2+2,4160,349
Samsung,Galaxy A52,128,6,6.5,64+12+5+5,4500,449
Samsung,Galaxy A03s,32 GB,3 GB,6.5,13 + 2 + 2,5000,139
Apple,iPhone SE (2020),64,3,4.7,12,1821,399
Motorola,Moto G Stylus (2021),128,4,6.4,48+8+2,4000,299
Samsung,Galaxy M31s,128GB,8GB,6.5,64MP + 12MP + 5MP + 5MP,6000,$349 
Vivo,Y12A,32GB,3GB,6.51,13MP + 2MP,5000,$139 
Samsung,Galaxy A02s,32GB,3GB,6.5,13MP + 2MP + 2MP,5000,$139 
Oppo,A54,64GB,4GB,6.51,13MP + 2MP + 2MP,5000,$199 
Motorola,Moto G50s,128GB,4GB,6.5,48MP + 5MP + 2MP,5000,$249 
Xiaomi,Redmi Note 8,64GB,4GB,6.3,48MP + 8MP + 2MP + 2MP,4000,$179 
Oppo,F19 Pro,128 GB,8 GB,6.43,48 + 8 + 2 + 2,4310,359
Samsung,Galaxy A22 5G,128 GB,4 GB,6.6,48 + 5 + 2,5000,239
Motorola,Moto G60,128GB,6GB,6.8,108MP + 8MP + 2MP,6000,$299 
Xiaomi,Redmi Note 10 Pro Max,128GB,8GB,6.67,108MP + 8MP + 5MP + 2MP,5020,$329 
Vivo,Y21s,128 GB,4 GB,6.51,50 + 2,5000,179
Realme,C15,64GB,4GB,6.5,13MP + 8MP + 2MP + 2MP,6000,$179 
Apple,iPhone 11,128 GB,4 GB,6.1,12 + 12,3110,599
Realme,8s 5G,128 GB,6 GB,6.5,48 + 2 + 2,5000,299
Realme,C21Y,64GB,4GB,6.5,13MP + 2MP + 2MP,5000,$149 
Xiaomi,Redmi 10,128 GB,4 GB,6.5,50 + 8 + 2 + 2,5000,179
Realme,C21,64GB,3GB,6.5,13MP + 2MP + 2MP,5000,$129 
Samsung,Galaxy A71,128,6,6.7,64+12+5+5,4500,599
Oppo,F19s,128GB,6GB,6.43,48MP + 2MP + 2MP,5000,$299 
Apple,iPhone XR,64,3,6.1,12,2942,499
Apple,iPhone 12 Mini,64 GB,4 GB,5.4,12 + 12,2227,699
Samsung,Galaxy A12,64GB,4GB,6.5,48MP + 5MP + 2MP + 2MP,5000,$179 
Realme,Narzo 50 Pro 5G,128GB,8GB,6.5,48MP + 50MP + 2MP,5000,$269 
Xiaomi,Poco M3 Pro 5G,64 GB,4 GB,6.5,48 + 2 + 2,5000,199
Xiaomi,Poco X3 Pro,128,6,6.67,48+8+2+2,5160,249
Xiaomi,Redmi Note 9 Pro Max,128GB,6GB,6.67,64MP + 8MP + 5MP + 2MP,5020,$279 
Vivo,V21e,128GB,8GB,6.44,64MP + 8MP,4000,$369 
Xiaomi,Mi 11 Lite NE,128GB,6GB,6.55,64MP + 8MP + 5MP,4250,$329 
Xiaomi,Poco X3 Pro,128GB,6GB,6.67,48MP + 8MP + 2MP + 2MP,5160,$249 
Oppo,F19 Pro+,128GB,8GB,6.43,48MP + 8MP + 2MP + 2MP,4310,$349 
Xiaomi,Mi 11 Lite 5G,128 GB,6 GB,6.55,64 + 8 + 5,4250,369
Samsung,Galaxy F41,64GB,6GB,6.4,64MP + 8MP + 5MP,6000,$249 
Samsung,Galaxy S21 Ultra 5G,256GB,12GB,6.8,108MP + 12MP + 10MP + 10MP,5000,"$1,199 "
Oppo,A53s,128GB,6GB,6.5,13MP + 2MP + 2MP,5000,$229 
Xiaomi,Redmi 9T,128,4,6.53,48+8+2+2,6000,199
Nokia,G50 5G,128,4,6.82,48+5+2,4850,299
Vivo,Y20G,64 GB,4 GB,6.51,13 + 2 + 2,5000,169
Oppo,A94,128 GB,8 GB,6.43,48 + 8 + 2 + 2,4310,379
Oppo,A16,32GB,3GB,6.52,13MP + 2MP + 2MP,5000,$149 
Xiaomi,Mi 10T Pro,256,8,6.67,108+13+5,5000,599
Vivo,Y15,64GB,4GB,6.35,13MP + 8MP + 2MP,5000,$189 
Realme,7i,128 GB,8 GB,6.5,64 + 8 + 2 + 2,5000,239
Realme,Narzo 10A,32GB,3GB,6.5,12MP + 2MP + 2MP,5000,$129 
Vivo,Y33,128 GB,8 GB,6.58,50 + 2 + 2,5000,249
Nokia,X20,128GB,6GB,6.67,64MP + 5MP + 2MP + 2MP,4470,$449 
Vivo,Y53s,128GB,8GB,6.58,64MP + 2MP,5000,$299 
Oppo,A16s,64GB,4GB,6.52,13MP + 2MP + 2MP,5000,$189 
Oppo,A94,128 GB,8 GB,6.43,48 + 8 + 2 + 2,4310,329
Motorola,Moto G9 Power Lite,64GB,4GB,6.5,48MP + 2MP + 2MP,6000,$149 
Vivo,Y12s (2021),32 GB,3 GB,6.51,13 + 2,5000,139
Samsung,Galaxy A52 5G,128GB,6GB,6.5,64MP + 12MP + 5MP + 5MP,4500,$449 
Realme,7 5G,128GB,6GB,6.5,48MP + 8MP + 2MP,5000,$279 
Vivo,Y31s,128GB,6GB,6.58,13MP + 2MP,5000,$239 
Vivo,X70 Pro+,256GB,12GB,6.78,50MP + 48MP + 12MP + 8MP,4450,$999 
Xiaomi,Redmi 10 Prime,128GB,4GB,6.5,50MP + 8MP + 2MP + 2MP,6000,$199 
Nokia,G50,64GB,4GB,6.82,48MP + 5MP + 2MP,5000,$299 
Apple,iPhone 13,128 GB,4 GB,6.1,12 + 12,2815,799
Nokia,6.2,128,4,6.3,16+8+5,3500,249
Oppo,Reno4 Pro 5G,256,12,6.5,48+13+12+2,4000,799
Apple,iPhone SE (2020),64,3,4.7,12,1821,399
Realme,8i,128GB,4GB,6.6,50MP + 2MP + 2MP,5000,$239 
Vivo,V21 5G,128GB,8GB,6.44,64MP + 8MP,4000,$499 
Apple,iPhone XR,64 GB,3 GB,6.1,12 + 12,2942,499
Oppo,Reno6 Pro+ 5G,256GB,12GB,6.55,50MP + 16MP + 13MP + 2MP,4500,$849 
Samsung,Galaxy A52s 5G,128GB,6GB,6.5,64MP + 12MP + 5MP + 5MP,4500,$449 
Xiaomi,Poco X3 GT,128GB,8GB,6.6,64MP + 8MP + 2MP,5000,$299 
Realme,7i,128GB,8GB,6.5,64MP + 8MP + 2MP + 2MP,5000,$199 
Motorola,Moto G Stylus 5G,128GB,5GB,6.8,48MP + 8MP + 5MP,5000,$399 
Realme,GT Neo2,128 GB,8 GB,6.62,64 + 8 + 2,5000,329
Realme,8 5G,128GB,8GB,6.5,48MP + 2MP,5000,$299 
Apple,iPhone 13,128,6,6.1,12+12+12,2815,799
Apple,iPhone 11,64 GB,4 GB,6.1,12 + 12,3110,599
Xiaomi,Redmi 9i,64GB,4GB,6.53,13MP,5000,$139 
Samsung,Galaxy M62,128GB,8GB,6.7,64MP + 12MP + 5MP + 5MP,7000,$429 
Xiaomi,Mi 10i,128GB,6GB,6.67,108MP + 8MP + 2MP + 2MP,4820,$319 
Oppo,A12,64GB,4GB,6.22,13MP + 2MP,4230,$139 
Xiaomi,Redmi Note 9S,128,6,6.67,48+8+5+2,5020,249
Vivo,Y20G,64GB,4GB,6.51,13MP + 2MP + 2MP,5000,$179 
Vivo,V20 SE,128GB,8GB,6.44,48MP + 8MP + 2MP,4100,$319 
Vivo,Y33s,128 GB,8 GB,6.58,50 + 2 + 2,5000,279
Realme,C21Y,64GB,4GB,6.5,13MP + 2MP + 2MP,5000,$119 
Samsung,Galaxy F22,64 GB,4 GB,6.4,48 + 8 + 2 + 2,6000,189
Oppo,A92,128,8,6.5,48+8+2+2,5000,399
Xiaomi,Mi 10T Pro 5G,128,8,6.67,108+13+5,5000,599
Nokia,C30,32GB,2GB,6.82,13MP + 2MP,6000,$149 
Xiaomi,Poco X4 Pro,128GB,6GB,6.67,48MP + 8MP + 2MP + 2MP,5160,$329 
Nokia,XR20,128GB,6GB,6.67,48MP + 13MP,4630,$549 
Xiaomi,Poco M3,128,4,6.53,48+2+2,6000,179
Vivo,X60 Pro,256 GB,12 GB,6.56,48 + 13 + 13,4200,799
Samsung,Galaxy Note20 5G,256,8,6.7,12+64+12,4300,999
Samsung,Galaxy M32,128GB,6GB,6.4,64MP + 8MP + 2MP + 2MP,6000,$279 
Samsung,Galaxy Z Flip 3,128GB,8GB,6.7,12MP + 12MP,3300,$999 
Motorola,Moto G60,128GB,6GB,6.8,108MP + 8MP + 2MP,6000,$279 
Oppo,A16s,64 GB,4 GB,6.52,13 + 2 + 2,5000,179
Oppo,A74,128GB,6GB,6.43,48MP + 2MP + 2MP,5000,$299 
Apple,iPhone SE (2nd Gen),64 GB,3 GB,4.7,12,1821,399
Apple,iPhone 11 Pro Max,64,4,6.5,12+12+12,3969,1099
Samsung,Galaxy Note20 5G,128,8,6.7,12+64+12,4300,1049
Xiaomi,Mi 11 Ultra,256GB,12GB,6.81,50MP + 48MP + 48MP,5000,"$1,199 "
Realme,C21Y,64GB,4GB,6.5,13MP + 2MP + 2MP,5000,$139 
Motorola,Moto G50,64GB,4GB,6.5,48MP + 5MP + 2MP,5000,$249 
Vivo,Y20s (G),128 GB,6 GB,6.51,50 + 2 + 2,5000,199
Samsung,Galaxy S21,128 GB,8 GB,6.2,64 + 12 + 12,4000,799
Xiaomi,Poco X3 Pro,128GB,6GB,6.67,48MP + 8MP + 2MP + 2MP,5160,$299 
Realme,C11 2021,32GB,2GB,6.5,8MP + 2MP,5000,$99 
Motorola,Edge 20 Fusion,128GB,6GB,6.7,108MP + 8MP + 2MP,5000,$499 
Oppo,A16,64 GB,3 GB,6.52,13 + 2 + 2,5000,159
Samsung,Galaxy A22 5G,128GB,4GB,6.6,48MP + 5MP + 2MP,5000,$279 
Motorola,Moto G8 Power,64,4,6.4,16+8+8+2,5000,199
Realme,8 5G,128 GB,4 GB,6.5,48 + 2 + 2,5000,199
Apple,iPhone XR,64,3,6.1,12+7,2942,599
Samsung,Galaxy A32,128GB,4GB,6.4,64MP + 8MP + 5MP + 2MP,5000,$299 
Apple,iPhone 11,64,4,6.1,12+12+12,3110,699
Nokia,8.3 5G,128,8,6.81,64+12+2+2,4500,499
Oppo,Reno4 Pro 5G,256,12,6.55,48+12+13,4000,799
Xiaomi,Redmi Note 10S,128 GB,6 GB,6.43,64 + 8 + 2 + 2,5000,229
Vivo,Y12s,32GB,3GB,6.51,13MP + 2MP,5000,$149 
Apple,iPhone 11 Pro Max,512,4,6.5,12+12+12,3969,1099
Motorola,Moto G Stylus 2021,128GB,4GB,6.4,48MP + 8MP + 2MP,4000,$299 
Realme,C25s,128GB,4GB,6.5,13MP + 2MP + 2MP,6000,$149 
Xiaomi,Mi 11,256,8,6.81,108+13+5,4600,749
Nokia,5.4,64GB,4GB,6.39,48MP + 5MP + 2MP,4000,$249 
Xiaomi,Redmi Note 10S,128GB,6GB,6.43,64MP + 8MP + 2MP + 2MP,5000,$229 
Samsung,Galaxy A52 5G,128,6,6.5,64+12+5+5,4500,449
Nokia,3.4,64GB,3GB,6.39,13MP + 5MP + 2MP,4000,$179 
Xiaomi,Redmi Note 10 Pro Max,128 GB,6 GB,6.67,108 + 8 + 5 + 2,5020,279
Apple,iPhone SE (2020),64 GB,3 GB,4.7,12,1821,399
Samsung,Galaxy A42 5G,128GB,4GB,6.6,48MP + 8MP + 5MP + 5MP,5000,$329 
Oppo,F19 Pro+ 5G,128,8,6.43,64+8+2+2,4310,419
Nokia,2.4,32GB,2GB,6.5,8MP + 2MP,4500,$129 
Samsung,Galaxy F41,128GB,6GB,6.4,64MP + 8MP + 5MP,6000,$239 
Oppo,A93,128,8,6.43,48+8+2+2,4000,319
Oppo,A54s,128GB,6GB,6.5,50MP + 2MP + 2MP,5000,$249 
Nokia,7.2,128,6,6.3,48+8+5,3500,349
Samsung,Galaxy Note 20 Ultra,256,12,6.9,108+12+12,4500,1299
Oppo,A54,128GB,6GB,6.51,48MP + 2MP + 2MP,5000,$249 
Vivo,Y72 5G,128GB,8GB,6.58,64MP + 8MP + 2MP,5000,$339 
Oppo,A53s,128GB,6GB,6.5,50MP + 2MP + 2MP,5000,$269 
Samsung,Galaxy A03s,64GB,4GB,6.5,13MP + 2MP + 2MP,5000,$179 
Oppo,Find X3 Pro,256 GB,12 GB,6.7,50 + 50 + 13 + 3,4500,1199
Samsung,Galaxy A22 4G,128 GB,6 GB,6.4,48 + 5 + 2,5000,229
Vivo,Y33s,128GB,8GB,6.58,50MP + 2MP + 2MP,5000,$289 
Realme,GT Master Edition,128GB,8GB,6.43,64MP + 8MP + 2MP,4300,$399 
Motorola,Moto G8 Power,64,4,6.4,16+8+8+2,5000,229
Oppo,Reno 5 Pro 5G,128,8,6.55,64+8+2+2,4350,449
Nokia,G10,32GB,3GB,6.52,13MP + 2MP + 2MP,5050,$169 
Oppo,F19 Pro+ 5G,128 GB,8 GB,6.43,64 + 8 + 2 + 2,4310,399
Xiaomi,Redmi 9T,128 GB,4 GB,6.53,48 + 8 + 2 + 2,6000,199
Vivo,V21e 5G,128GB,8GB,6.44,64MP + 8MP,4000,$329 
Apple,iPhone XR,64 GB,3 GB,6.1,12,2942,499
Oppo,Find X3 Neo 5G,256,12,6.55,50+16+13+2,4500,799
Oppo,A74 5G,128 GB,6 GB,6.5,48 + 2 + 2,5000,299
Apple,iPhone SE (2020),128,3,4.7,12,1821,449
Samsung,Galaxy A22 5G,128 GB,4 GB,6.6,48 + 5,5000,279
Xiaomi,Poco X3 Pro,128GB,6GB,6.67,48MP + 8MP + 2MP + 2MP,5160,$249 
Samsung,Galaxy S20 Ultra 5G,512,16,6.9,108+48+12+3D,5000,1399
Realme,C25s,128 GB,4 GB,6.5,13 + 2 + 2,6000,169
Samsung,Galaxy S20 Ultra 5G,128,12,6.9,108+48+12+0.3,5000,1199
Apple,iPhone XS Max,256,4,6.5,12+12,3174,1099
Vivo,Y20s,128GB,8GB,6.51,13MP + 2MP + 2MP,5000,$249 
Oppo,A53s 5G,128GB,6GB,6.52,13MP + 2MP + 2MP,5000,$279 
Oppo,A15s,64,4,6.52,13+2+2,4230,159
Realme,C11 2021,32GB,2GB,6.52,8MP + 2MP,5000,$99 
Oppo,A74 5G,128GB,6GB,6.5,48MP + 2MP + 2MP,5000,$299 
Realme,Narzo 30 Pro 5G,128GB,6GB,6.5,48MP + 8MP + 2MP,5000,$279 
Nokia,3.4,64,4,6.39,13+5+2,4000,179
Nokia,C20 Plus,32GB,3GB,6.5,8MP + 2MP,4950,$99 
Apple,iPhone 12 Pro,128,6,6.1,12+12+12,2815,999
Motorola,Moto G9 Plus,128,4,6.81,64+8+2+2,5000,279
Realme,Narzo 20,64GB,4GB,6.5,48MP + 8MP + 2MP,6000,$199 
Motorola,Moto G Power 2022,128GB,4GB,6.6,48MP + 8MP + 2MP,5000,$249 
Apple,iPhone 13,128GB,4GB,6.1,12MP + 12MP,2815,$799 
Samsung,Galaxy A32,128GB,4GB,6.4,64MP + 8MP + 5MP + 5MP,5000,$269 
Realme,GT Neo2,128GB,8GB,6.62,64MP + 8MP + 2MP,5000,$369 
Realme,GT Neo2,128GB,8GB,6.62,64MP + 8MP + 2MP,5000,$399 
Nokia,5.4,128GB,4GB,6.39,48MP + 5MP + 2MP + 2MP,4000,$249 
Xiaomi,Redmi 9 Activ,128GB,6GB,6.53,50MP + 2MP,5000,$209 
Samsung,Galaxy F42 5G,128GB,8GB,6.6,64MP + 8MP + 5MP,5000,$309 
Samsung,Galaxy S21 Ultra,256 GB,12 GB,6.8,108 + 10 + 10 + 12,5000,1199
Samsung,Galaxy A12,128,4,6.5,48+5+2+2,5000,179
Xiaomi,Redmi Note 10 Pro Max,128GB,8GB,6.67,108MP + 8MP + 5MP + 2MP,5020,$329 
Realme,GT Master Edition,128GB,6GB,6.43,64MP + 8MP + 2MP,4300,$349 
Samsung,Galaxy A30s,64GB,4GB,6.4,25MP + 8MP + 5MP,4000,$279 
Oppo,A54,128GB,4GB,6.51,13MP + 2MP + 2MP,5000,$219 
Xiaomi,Redmi 9T,128GB,4GB,6.53,48MP + 8MP + 2MP + 2MP,6000,$229 
Samsung,Galaxy A72,128GB,6GB,6.7,64MP + 12MP + 8MP + 5MP,5000,$449 
Vivo,Y12s,32GB,3GB,6.51,13MP + 2MP,5000,$149 
Oppo,A15,32GB,3GB,6.52,13MP + 2MP + 2MP,4230,$149 
Samsung,Galaxy A13,64GB,4GB,6.5,50MP + 5MP,5000,$189 
Xiaomi,Redmi 10 Prime,128GB,6GB,6.5,50MP + 8MP + 2MP + 2MP,6000,$219 
Realme,C11,32GB,2GB,6.5,13MP + 2MP,5000,$99 
Nokia,XR20,128GB,6GB,6.67,48MP + 13MP,4630,$549 
Realme,7,128,8,6.5,64+8+2+2,5000,299
Realme,C25s,128 GB,4 GB,6.5,13 + 2 + 2,6000,159
Motorola,Moto G9 Power,128,4,6.8,64+2+2,6000,229
Realme,C25,64GB,4GB,6.5,13MP + 2MP + 2MP,6000,$179 
Samsung,Galaxy A03s,64GB,4GB,6.5,13MP + 2MP + 2MP,5000,$149 
Samsung,Galaxy A32 5G,128GB,4GB,6.5,48MP + 8MP + 5MP + 2MP,5000,$279 
Nokia,C20 Plus,32GB,3GB,6.5,8MP + 2MP,4950,$99 
Motorola,Moto G Stylus 5G,128GB,5GB,6.8,48MP + 8MP + 5MP,5000,$399 
Apple,iPhone 12 Pro Max,128,6,6.7,12+12+12,3687,1099
Vivo,Y33s,128GB,8GB,6.58,50MP + 2MP,5000,$279 
Vivo,Y33s,128GB,8GB,6.58,50MP + 2MP + 2MP,5000,$269 
Samsung,Galaxy M31s,128GB,6GB,6.5,64MP + 12MP + 5MP + 5MP,6000,$379 
Samsung,Galaxy A32 5G,128,4,6.5,48+8+5+2,5000,279
Oppo,A15s,64GB,4GB,6.52,13MP + 2MP + 2MP,4230,$169 
Oppo,Reno 6 Pro 5G,128GB,12GB,6.55,64MP + 8MP + 2MP,4500,$549 
Samsung,Galaxy S21+ 5G,256,8,6.7,12+64+12,4800,999
Realme,Narzo 50A,64 GB,4 GB,6.5,50 + 2,5000,139
Vivo,Y20G,128GB,6GB,6.51,13MP + 2MP + 2MP,5000,$229 
Nokia,C20 Plus,32GB,3GB,6.5,8MP + 2MP,4950,$109 
Nokia,5.4,64,4,6.39,48+5+2+2,4000,179
Vivo,V21 5G,128GB,8GB,6.44,64MP + 8MP + 2MP,4000,$469 
Oppo,A53,128,4,6.5,13+2+2,5000,249
Oppo,Reno6 Pro 5G,128 GB,12 GB,6.55,64 + 8 + 2 + 2,4500,659
Realme,9i,128 GB,4 GB,6.5,50 + 2 + 2,6000,189
Vivo,Y53s,128 GB,8 GB,6.58,64 + 2,5000,269
Xiaomi,Redmi 9,64,4,6.53,13+8+5+2,5020,149
Xiaomi,Redmi 10 Prime,128 GB,6 GB,6.5,50 + 8 + 2 + 2,6000,179
Motorola,Moto G Power 2021,64GB,4GB,6.6,48MP + 2MP,5000,$199 
Apple,iPhone 12 Mini,64 GB,4 GB,5.4,12 + 12,2227,699
Oppo,Reno3,128,8,6.4,48+13+8+2,4025,429
Samsung,Galaxy M12,64 GB,4 GB,6.5,48 + 5 + 2 + 2,6000,159
Oppo,A16s,64GB,4GB,6.52,13MP + 2MP + 2MP,5000,$199 
Xiaomi,Redmi Note 10 Pro,128GB,6GB,6.67,64MP + 8MP + 5MP + 2MP,5020,$329 
Xiaomi,Redmi 9 Power,64GB,4GB,6.53,48MP + 8MP + 2MP + 2MP,6000,$169 
Nokia,5.3,64GB,3GB,6.55,13MP + 5MP + 2MP + 2MP,4000,$199 
Xiaomi,Redmi Note 10 Pro,128,6,6.67,108+8+5+2,5020,329
